true,prediction
370.0,202.96796
670.0,156.18385
230.0,289.03293
160.0,315.97354
90.0,179.83188
70.0,195.04099
70.0,165.11972
70.0,167.61722
70.0,143.494
70.0,145.79303
70.0,146.66197
70.0,132.03294
70.0,111.533745
80.0,91.332146
60.0,85.19623
50.0,85.510284
60.0,85.56423
39.999996,75.56596
70.0,78.363914
70.0,58.10658
60.0,73.21895
80.0,66.92659
70.0,59.834137
80.0,71.4617
70.0,68.217415
70.0,69.59378
70.0,61.874825
70.0,58.032784
70.0,60.646553
70.0,64.369385
60.0,67.51325
70.0,63.67745
80.0,57.099766
110.0,63.40501
70.0,75.24085
50.0,87.31113
50.0,63.07087
39.999996,53.324028
20.0,51.68056
39.999996,46.831493
30.0,40.327297
70.0,50.809814
50.0,48.540382
60.0,78.59651
50.0,69.40515
50.0,69.75931
60.0,65.03837
39.999996,65.77639
60.0,71.26033
50.0,61.498775
60.0,67.961525
50.0,65.685104
60.0,70.398994
50.0,65.91936
39.999996,68.564514
50.0,62.848293
39.999996,57.00465
50.0,58.520676
50.0,59.497692
60.0,66.9261
50.0,64.105865
60.0,67.411316
39.999996,60.20088
20.0,65.4339
39.999996,54.352615
39.999996,45.124687
50.0,57.480755
50.0,62.37601
60.0,59.102608
50.0,49.092373
60.0,52.0795
50.0,45.034485
50.0,45.29038
50.0,42.48475
50.0,44.704803
50.0,48.433132
60.0,52.333614
50.0,53.86672
60.0,54.223164
60.0,54.62834
50.0,56.67331
50.0,57.184147
50.0,54.954018
50.0,61.32183
50.0,59.95287
60.0,65.57229
60.0,64.379105
80.0,71.54445
50.0,70.35418
50.0,77.513824
60.0,55.326202
60.0,65.53649
60.0,83.458916
60.0,92.385056
70.0,92.74753
200.0,89.08184
160.0,86.392746
50.0,150.51457
160.0,105.89081
60.0,48.152927
60.0,119.877945
50.0,52.760555
39.999996,69.76979
60.0,57.516533
60.0,49.804646
60.0,60.03068
70.0,53.833076
90.0,53.864986
80.0,50.794903
80.0,58.750904
90.0,61.64142
100.0,60.47196
100.0,65.299515
100.0,65.472496
90.0,66.98998
100.0,68.00726
90.0,71.31647
100.0,81.03602
90.0,73.31349
110.0,82.19282
90.0,76.74368
100.0,86.105385
90.0,78.808044
70.0,87.857445
60.0,88.71109
60.0,79.4776
80.0,75.517586
80.0,69.2586
120.0,79.525955
120.0,80.143295
110.0,97.91378
140.0,93.90306
110.0,97.99383
110.0,114.68595
110.0,101.583786
120.0,107.485756
100.0,106.90706
80.0,122.88783
100.0,112.10384
270.0,95.06058
250.0,114.387
110.0,191.08862
130.0,170.36395
430.0,112.96026
300.0,137.35292
270.0,243.60562
240.0,201.92966
220.0,224.36304
360.0,215.51181
430.0,218.72829
450.0,267.67798
440.0,276.94766
410.0,286.72525
100.0,286.27228
120.0,283.63965
110.0,164.16098
120.0,193.45462
120.0,146.92642
100.0,170.15207
170.0,162.18544
100.0,153.54584
90.0,179.96185
90.0,130.87524
90.0,126.591286
120.0,109.51983
120.0,99.84975
110.0,107.267944
110.0,110.45688
100.0,116.4514
100.0,111.01662
70.0,103.305305
80.0,100.31468
80.0,84.47889
80.0,82.63019
80.0,82.88226
90.0,71.93771
80.0,74.32422
70.0,76.8759
60.0,75.17932
39.999996,67.291626
39.999996,61.811386
30.0,46.69653
50.0,55.18966
60.0,52.63317
60.0,59.89318
50.0,59.53514
50.0,59.576244
50.0,62.37351
60.0,60.67734
50.0,55.436443
60.0,48.06284
60.0,48.269123
60.0,54.549328
50.0,53.044907
50.0,54.253723
50.0,51.721054
50.0,44.283417
50.0,45.917286
20.0,46.197433
39.999996,53.831753
30.0,35.689987
50.0,43.480186
60.0,39.262524
39.999996,44.61305
50.0,53.85608
50.0,47.20198
50.0,51.7581
60.0,40.40992
60.0,43.709995
50.0,50.757008
50.0,48.576668
50.0,46.725365
50.0,45.886684
50.0,54.475586
60.0,54.79128
50.0,48.753506
70.0,57.8492
70.0,53.032707
39.999996,67.773026
39.999996,65.84822
230.0,53.23052
170.0,53.86246
60.0,126.95479
70.0,100.66641
90.0,57.333275
80.0,64.89103
80.0,71.21481
80.0,74.49433
80.0,74.98753
80.0,83.83385
70.0,75.584724
80.0,77.663864
340.0,69.37045
370.0,64.27173
80.0,158.24344
50.0,176.92029
50.0,74.43037
39.999996,77.33728
50.0,65.52784
50.0,74.28124
50.0,89.844124
60.0,106.54636
50.0,112.097084
70.0,110.83139
50.0,87.47622
50.0,76.06328
60.0,56.182312
50.0,68.913864
50.0,62.388676
50.0,61.640186
50.0,61.834965
60.0,59.449184
50.0,56.767235
60.0,65.450905
50.0,53.830544
50.0,68.1174
50.0,57.271957
50.0,56.47239
60.0,53.035015
70.0,57.42765
80.0,65.85277
100.0,66.532974
90.0,80.89846
90.0,98.021126
70.0,84.61788
80.0,82.20674
70.0,86.789
90.0,94.99209
80.0,107.754814
100.0,122.84234
90.0,124.0464
80.0,118.92412
80.0,118.45019
80.0,115.355354
70.0,126.20587
80.0,104.10882
90.0,107.87209
90.0,99.2048
80.0,111.44656
80.0,116.73339
70.0,113.272095
80.0,108.67484
60.0,104.312805
39.999996,106.256035
50.0,101.94416
70.0,84.275215
90.0,90.64641
320.0,99.908424
330.00003,96.1234
270.0,178.63004
260.0,179.70364
240.0,192.80371
210.0,205.08264
280.0,185.7749
170.0,177.58986
120.0,196.33316
100.0,156.36859
120.0,155.39139
120.0,141.18361
130.0,152.81111
130.0,147.28117
120.0,132.26231
120.0,136.01617
140.0,121.69615
150.0,132.77481
150.0,135.16885
150.0,151.94202
140.0,142.10477
130.0,139.50195
100.0,119.07112
80.0,118.10512
60.0,97.83182
30.0,91.598175
39.999996,88.290596
39.999996,92.71206
80.0,87.67559
70.0,88.94791
60.0,102.941956
70.0,93.36478
60.0,84.24184
70.0,86.16825
50.0,80.403244
80.0,86.459564
60.0,79.08431
60.0,82.81576
70.0,68.33699
50.0,63.06471
50.0,62.976482
50.0,49.71897
50.0,61.06415
39.999996,62.587177
60.0,62.044476
60.0,61.145226
60.0,57.807568
60.0,65.03131
50.0,55.370667
39.999996,67.859505
20.0,55.220886
30.0,51.278217
30.0,46.153744
50.0,41.302692
60.0,44.63606
60.0,56.348442
60.0,61.37371
60.0,57.383785
50.0,57.20131
50.0,53.334553
39.999996,46.95412
50.0,48.514553
50.0,47.736485
50.0,52.896816
60.0,49.74575
50.0,46.23743
60.0,48.706596
39.999996,55.87439
50.0,58.784267
50.0,44.36475
50.0,42.134815
50.0,41.903847
60.0,46.419674
70.0,52.826393
70.0,62.568363
30.0,60.23789
39.999996,52.877968
50.0,35.446632
50.0,46.295177
60.0,50.48607
110.0,55.614334
70.0,62.50243
50.0,80.16465
60.0,49.9129
60.0,49.675426
60.0,50.7766
50.0,60.51194
50.0,61.38808
50.0,51.393707
50.0,56.44099
39.999996,58.946682
70.0,60.509277
50.0,64.3477
60.0,77.32921
50.0,58.092495
50.0,62.334805
50.0,54.06078
30.0,64.226166
30.0,63.350723
20.0,49.52671
39.999996,56.327454
60.0,59.736366
60.0,62.11879
50.0,63.402016
60.0,59.580185
50.0,53.353485
39.999996,62.617107
60.0,58.025673
50.0,53.94146
50.0,62.239796
60.0,67.51596
60.0,63.285004
50.0,67.12972
50.0,60.482353
50.0,59.249767
50.0,56.373028
60.0,56.447453
39.999996,58.16453
60.0,69.733444
60.0,59.201538
50.0,69.2674
60.0,68.141396
39.999996,56.281498
30.0,59.247417
30.0,54.224915
20.0,49.932705
60.0,50.98488
50.0,49.75263
70.0,67.13356
60.0,63.65014
60.0,74.93666
50.0,63.986282
50.0,67.79441
39.999996,70.98964
50.0,59.003994
50.0,56.754333
50.0,64.36726
60.0,57.69297
50.0,58.700066
60.0,68.06263
60.0,48.005566
60.0,65.77791
60.0,65.51309
80.0,61.666565
70.0,65.44094
90.0,75.68796
150.0,65.45623
460.0,95.493706
340.0,116.891
310.0,216.21594
120.0,184.65782
140.0,231.53375
150.0,163.01785
120.0,171.18936
130.0,160.10463
130.0,127.99359
130.0,147.5857
130.0,147.08495
170.0,142.4831
210.0,138.03484
110.0,149.09227
100.0,149.52383
110.0,110.038216
90.0,123.30217
120.0,93.88352
130.0,111.29074
130.0,120.28992
120.0,107.82517
120.0,117.22552
60.0,103.36918
60.0,105.34882
50.0,73.22423
60.0,72.9503
60.0,66.148415
50.0,70.82423
60.0,66.19676
60.0,50.695488
60.0,59.106846
50.0,61.52786
39.999996,58.320145
60.0,61.699722
50.0,50.096745
50.0,55.49403
39.999996,50.298206
30.0,49.26375
39.999996,54.091835
39.999996,45.15083
39.999996,45.31111
50.0,37.64011
60.0,40.06244
50.0,45.962944
50.0,50.639084
60.0,46.190697
60.0,51.755234
50.0,54.007683
60.0,45.128956
50.0,45.89278
50.0,50.17243
50.0,44.838936
50.0,47.83789
39.999996,49.573242
60.0,41.80541
60.0,40.483055
60.0,49.317345
60.0,46.264305
50.0,54.065796
50.0,50.08255
50.0,38.916996
20.0,41.773376
30.0,48.311264
30.0,36.052067
30.0,36.191463
60.0,41.290184
50.0,46.549675
60.0,57.772026
39.999996,42.230362
60.0,46.00837
70.0,38.247204
70.0,58.237938
70.0,58.986637
70.0,49.538445
70.0,57.57288
50.0,59.535446
70.0,56.99019
280.0,49.490906
150.0,56.692944
60.0,142.02821
70.0,80.43044
60.0,54.0758
70.0,50.916065
50.0,52.412148
60.0,60.86354
50.0,54.908894
50.0,61.273243
80.0,62.339012
60.0,63.519817
370.0,86.48609
400.0,58.294777
70.0,188.8642
70.0,176.46815
80.0,75.09665
90.0,85.41187
70.0,77.91124
80.0,89.22336
60.0,69.09059
50.0,97.90395
80.0,89.24133
80.0,94.212395
80.0,84.067924
80.0,83.91913
120.0,77.868286
90.0,76.67418
50.0,103.805984
70.0,94.41465
60.0,74.92202
90.0,64.37296
80.0,74.13093
80.0,91.09708
80.0,84.047745
60.0,85.52325
70.0,97.224594
60.0,90.01479
60.0,85.721756
70.0,89.13787
70.0,85.03808
80.0,72.40709
70.0,76.348495
70.0,92.83057
70.0,86.577934
60.0,70.91647
70.0,86.56563
60.0,68.226395
70.0,77.50102
70.0,81.921104
70.0,85.856766
80.0,77.53197
70.0,75.67254
80.0,85.18649
70.0,69.21173
70.0,92.816536
50.0,69.0347
60.0,69.00542
80.0,62.223698
90.0,79.30655
90.0,70.92583
80.0,93.79283
80.0,84.29547
70.0,96.08915
80.0,90.97941
90.0,81.71939
90.0,85.91457
130.0,100.057365
120.0,89.839226
130.0,121.81155
120.0,127.28398
130.0,130.74535
120.0,106.01073
200.0,135.9373
120.0,121.406235
110.0,151.57013
120.0,112.74403
130.0,118.363106
130.0,118.00295
110.0,129.27155
120.0,126.77106
90.0,105.94698
90.0,113.53051
80.0,97.54197
80.0,96.25711
100.0,76.4768
110.0,84.02321
110.0,89.61264
120.0,91.65598
80.0,89.76008
80.0,97.12373
80.0,75.04761
70.0,69.48951
80.0,61.993633
60.0,64.37653
50.0,73.00772
70.0,49.991085
50.0,52.094425
60.0,60.015858
50.0,52.940395
50.0,59.615345
60.0,49.52579
50.0,41.222904
50.0,43.130466
60.0,40.28859
50.0,44.29852
60.0,43.912556
39.999996,42.50864
39.999996,39.277355
20.0,24.914482
39.999996,31.440132
50.0,23.658066
50.0,35.448982
50.0,42.934128
60.0,42.5897
60.0,40.132854
60.0,43.04911
60.0,43.23044
50.0,44.692585
50.0,49.833305
50.0,42.69909
39.999996,38.8937
50.0,39.376945
60.0,40.71164
60.0,43.132328
60.0,49.427277
60.0,47.262714
60.0,46.928825
50.0,45.801632
50.0,44.758163
50.0,37.202175
39.999996,44.277668
50.0,43.911068
60.0,38.04814
50.0,43.972855
60.0,46.734226
50.0,41.898296
30.0,49.04643
20.0,47.8267
30.0,34.107903
30.0,31.326332
50.0,40.612988
70.0,39.63
60.0,45.64819
60.0,59.920555
50.0,50.488377
60.0,50.12709
50.0,46.764923
70.0,49.70817
170.0,46.634228
400.0,59.10075
150.0,104.193924
70.0,198.46661
110.0,92.64094
100.0,73.71715
120.0,79.789055
80.0,77.64015
90.0,94.52401
120.0,80.975746
390.0,134.91376
240.0,146.69246
120.0,255.805
70.0,176.82474
90.0,131.05617
80.0,93.508064
70.0,95.909515
80.0,83.94706
110.0,97.32615
90.0,136.29167
100.0,155.18257
100.0,135.89679
100.0,140.02667
80.0,115.74796
80.0,102.10153
90.0,84.62294
90.0,86.373184
90.0,99.990234
90.0,102.227356
90.0,111.97007
90.0,118.49019
160.0,114.776115
140.0,130.11395
80.0,163.37524
70.0,154.33694
80.0,140.51807
30.0,137.207
30.0,124.23778
39.999996,89.51859
20.0,91.24178
70.0,91.55169
60.0,84.36254
60.0,101.92153
60.0,89.42065
60.0,94.70794
50.0,94.73103
50.0,88.42721
50.0,86.02993
50.0,77.01308
70.0,70.73654
60.0,77.48251
60.0,98.755104
60.0,92.92797
50.0,96.933525
50.0,90.94161
50.0,87.7801
60.0,81.840805
39.999996,93.56456
60.0,94.02365
50.0,79.44147
60.0,85.84753
50.0,80.5925
60.0,89.26333
210.0,95.85853
320.0,82.735085
520.0,154.30052
490.0,186.82423
150.0,234.72318
90.0,235.45941
90.0,173.59052
80.0,177.73495
70.0,124.922745
80.0,103.9195
120.0,84.6127
110.0,99.92988
90.0,122.059685
100.0,123.93638
90.0,124.954346
100.0,103.38521
100.0,85.07338
90.0,85.862045
90.0,91.424385
110.0,81.708405
100.0,78.5641
90.0,92.02668
100.0,88.532936
70.0,97.971504
50.0,89.55402
50.0,69.92914
70.0,66.07297
60.0,50.07591
50.0,52.224007
70.0,52.030075
50.0,52.505085
60.0,60.3699
50.0,54.194324
50.0,52.39428
60.0,41.410923
50.0,40.48377
50.0,45.327164
60.0,43.63966
60.0,50.5492
50.0,49.37517
50.0,56.34618
20.0,32.686905
39.999996,43.998257
39.999996,32.350975
50.0,46.117893
60.0,44.152706
50.0,50.286835
60.0,54.561188
60.0,45.190125
60.0,52.579548
60.0,47.01162
50.0,50.19676
39.999996,53.148163
50.0,43.052547
60.0,38.113987
39.999996,47.72247
60.0,50.391808
60.0,43.99849
60.0,54.96281
50.0,53.234726
60.0,48.010715
70.0,44.111565
50.0,50.977814
50.0,54.89226
50.0,51.850193
50.0,45.89074
39.999996,45.90961
60.0,47.137558
50.0,46.942352
60.0,55.28827
50.0,53.46078
50.0,55.580074
50.0,50.88529
39.999996,50.670456
60.0,50.258938
50.0,46.55576
50.0,62.42918
80.0,52.712166
110.0,51.46074
80.0,79.4977
70.0,88.84901
60.0,67.54431
60.0,59.367832
70.0,45.149506
670.0,45.81415
470.0,55.486874
150.0,271.536
70.0,216.38687
110.0,146.8051
110.0,89.48246
100.0,92.26183
100.0,110.62632
80.0,122.59422
90.0,179.96948
110.0,206.39252
450.0,216.87334
610.00006,201.38136
290.0,301.41922
90.0,308.96432
120.0,241.04977
110.0,172.48186
70.0,187.90248
100.0,158.4779
70.0,118.920456
70.0,149.06041
60.0,147.33429
60.0,159.36247
80.0,148.22635
70.0,131.17416
80.0,124.95441
310.0,101.13807
340.0,99.78534
110.0,185.62099
80.0,191.10071
100.0,135.49484
120.0,150.69849
80.0,143.71379
90.0,144.14197
90.0,115.50363
90.0,125.56841
70.0,135.97446
70.0,134.0402
70.0,118.37357
70.0,113.89172
70.0,115.05397
140.0,104.621864
340.0,102.36319
190.0,137.35242
150.0,213.50452
80.0,160.57553
80.0,169.56506
70.0,142.85199
80.0,128.7414
70.0,124.45778
70.0,125.102875
70.0,104.91272
70.0,117.26898
70.0,125.88241
60.0,120.78375
70.0,115.86012
80.0,107.715454
90.0,105.35475
90.0,112.77185
100.0,118.73413
90.0,121.82795
100.0,120.95856
90.0,118.32
230.0,124.27573
230.0,110.83964
200.0,173.70729
190.0,169.27774
100.0,182.02742
110.0,169.8807
110.0,147.75194
110.0,140.37524
110.0,128.14288
140.0,123.947655
150.0,123.03398
140.0,131.30992
130.0,157.56544
130.0,139.74522
140.0,122.81675
120.0,119.888084
100.0,110.577866
80.0,105.42315
90.0,99.66855
80.0,86.34646
80.0,93.17302
80.0,84.52141
50.0,84.84121
50.0,84.90312
60.0,64.77243
50.0,66.70646
50.0,65.44649
50.0,57.278236
50.0,63.039364
60.0,59.458046
60.0,64.02159
60.0,62.712414
60.0,59.952816
60.0,64.005486
50.0,68.5104
60.0,64.89113
50.0,65.153244
50.0,65.92347
50.0,62.22408
50.0,68.17079
60.0,65.42459
50.0,61.099163
60.0,62.952106
60.0,55.785393
60.0,60.709785
60.0,56.41524
60.0,49.254093
39.999996,49.056763
60.0,43.847984
39.999996,35.415867
60.0,43.021027
39.999996,37.11889
60.0,48.80128
60.0,34.65318
50.0,44.883274
70.0,43.79738
50.0,41.19363
60.0,55.580006
50.0,40.56304
50.0,51.654053
50.0,45.320568
60.0,48.672985
39.999996,45.87123
60.0,43.25897
60.0,35.190002
60.0,49.151672
60.0,48.13381
50.0,49.514217
50.0,49.522823
50.0,37.91527
50.0,45.015217
50.0,46.333477
39.999996,50.58171
50.0,50.935417
50.0,37.489265
60.0,46.707504
60.0,47.785522
60.0,55.00561
50.0,58.144596
60.0,57.56874
60.0,45.428425
260.0,49.063347
360.0,55.110825
100.0,155.83716
90.0,190.04529
90.0,102.4574
100.0,108.93625
120.0,101.29494
200.0,115.39753
130.0,127.05504
80.0,179.56892
210.0,154.19225
240.0,140.59027
210.0,192.1048
80.0,186.39911
100.0,179.88907
90.0,137.00635
110.0,148.14136
120.0,133.59265
360.0,145.84038
270.0,159.16902
120.0,229.09103
140.0,205.74103
120.0,161.22643
100.0,187.74884
260.0,163.59741
250.0,164.67966
100.0,208.81723
90.0,211.67844
80.0,156.7076
100.0,168.99048
80.0,139.8753
90.0,160.65065
80.0,127.11234
80.0,123.50077
80.0,156.33456
70.0,139.33636
80.0,148.45721
70.0,130.10663
70.0,134.9965
70.0,100.704
80.0,119.96392
100.0,113.80487
90.0,120.999016
90.0,129.55386
100.0,121.01625
110.0,114.06852
110.0,117.58909
100.0,126.10325
110.0,122.13493
100.0,138.05994
90.0,135.74042
100.0,117.53124
90.0,117.49026
100.0,123.76755
90.0,116.92444
90.0,112.43507
80.0,118.35961
90.0,106.33587
80.0,102.80544
90.0,120.828415
90.0,98.860985
80.0,115.252495
70.0,123.268036
80.0,115.47937
560.00006,103.82283
630.0,119.49216
230.0,227.0745
100.0,237.06458
110.0,168.58786
120.0,166.35747
130.0,146.9382
120.0,134.865
140.0,131.59235
100.0,129.90227
110.0,158.8616
100.0,133.23492
100.0,131.40344
100.0,105.37038
100.0,112.39818
70.0,99.50995
50.0,98.67169
50.0,83.352425
60.0,80.577934
60.0,75.502846
50.0,71.12042
60.0,78.102135
60.0,71.9179
70.0,74.90216
60.0,79.56088
70.0,81.62317
50.0,74.96735
50.0,77.1858
50.0,70.82377
60.0,75.7402
50.0,69.1082
50.0,76.32391
60.0,70.193115
60.0,70.217285
60.0,76.10232
60.0,71.63481
60.0,85.54797
60.0,78.14301
50.0,81.85339
60.0,78.19518
60.0,70.28292
60.0,73.93493
50.0,76.10486
39.999996,72.46881
60.0,62.365433
50.0,65.48855
50.0,70.344025
50.0,64.53904
60.0,63.374096
50.0,57.191917
60.0,70.88075
60.0,64.10263
50.0,70.37186
60.0,67.04999
50.0,69.500336
60.0,68.029526
60.0,60.353123
50.0,68.8439
60.0,67.30999
50.0,61.50544
39.999996,75.180046
50.0,58.759617
50.0,57.433487
50.0,57.328735
60.0,58.403893
60.0,65.88925
60.0,71.57332
50.0,65.3643
60.0,61.139153
50.0,65.289825
60.0,65.41829
50.0,61.792854
60.0,68.94096
50.0,61.07792
50.0,63.64484
50.0,66.68227
39.999996,65.30827
60.0,65.07239
39.999996,66.30748
50.0,68.63548
60.0,55.543476
90.0,65.2103
60.0,72.09433
70.0,90.906166
60.0,89.576675
400.0,91.00215
130.0,85.18986
370.0,205.63026
70.0,103.0569
330.00003,233.15381
230.0,105.07478
60.0,235.49738
80.0,179.22089
80.0,127.46246
80.0,162.51984
410.0,135.62749
180.0,154.21774
50.0,251.41772
60.0,169.0939
50.0,148.03856
60.0,144.12624
50.0,120.900604
50.0,121.68144
50.0,99.35996
50.0,108.92436
60.0,112.388084
39.999996,97.44428
60.0,107.39273
50.0,95.19005
60.0,101.062675
60.0,99.98479
60.0,93.17902
50.0,110.21011
60.0,106.47283
60.0,100.18917
50.0,99.267784
60.0,103.051765
60.0,104.57211
50.0,101.031876
60.0,102.2363
60.0,108.05756
50.0,107.72789
60.0,93.526924
50.0,104.76378
60.0,106.17415
39.999996,103.96852
50.0,100.69522
50.0,100.39701
50.0,97.68373
50.0,101.402664
60.0,105.85933
60.0,104.55039
50.0,100.58295
60.0,106.04547
50.0,112.44742
60.0,106.83722
50.0,102.70673
70.0,103.84938
50.0,104.0148
60.0,104.43663
60.0,108.987785
60.0,100.4907
39.999996,98.216965
60.0,111.09895
39.999996,94.648575
50.0,97.266014
39.999996,93.41156
50.0,106.64455
60.0,90.4366
50.0,91.58495
60.0,100.5993
50.0,95.178795
50.0,99.89649
60.0,88.71653
90.0,94.890236
70.0,101.35473
90.0,99.54921
80.0,94.03785
80.0,106.80974
70.0,100.0212
80.0,101.77986
70.0,88.77923
80.0,95.019035
60.0,86.51685
50.0,101.9563
60.0,84.91246
60.0,86.0316
60.0,85.75812
60.0,92.852615
60.0,92.53279
60.0,88.190445
50.0,93.933784
60.0,92.26429
50.0,87.72073
60.0,83.817154
50.0,87.55426
60.0,87.3698
60.0,87.55902
39.999996,83.50637
60.0,92.823235
50.0,68.61558
50.0,76.77956
50.0,65.87466
60.0,65.44444
60.0,61.781006
50.0,77.64907
70.0,74.202194
50.0,68.42485
60.0,82.20389
60.0,65.54547
60.0,83.70482
50.0,78.931404
60.0,70.001495
60.0,66.68642
60.0,70.258606
50.0,64.15417
50.0,69.35882
50.0,67.54494
60.0,62.636845
39.999996,66.63375
50.0,61.433784
60.0,58.540188
60.0,57.111897
50.0,66.18179
60.0,73.45352
60.0,63.59117
50.0,63.85534
60.0,70.62792
60.0,59.546528
90.0,68.31967
70.0,73.427505
50.0,83.937004
60.0,87.05224
70.0,77.52028
50.0,77.11538
60.0,62.32464
39.999996,72.753784
70.0,63.28538
50.0,54.14799
60.0,64.26531
50.0,59.068214
60.0,67.51132
50.0,76.89766
60.0,74.76739
60.0,68.25853
60.0,71.643425
50.0,62.637047
50.0,66.25157
70.0,62.400017
50.0,79.22699
70.0,85.720856
60.0,66.53822
70.0,86.69006
70.0,71.79823
70.0,97.78373
70.0,85.69819
70.0,79.74602
60.0,91.35138
60.0,103.47777
60.0,82.1913
60.0,97.86258
50.0,88.74866
60.0,86.61327
50.0,90.857666
50.0,97.35682
50.0,86.61391
50.0,82.999626
60.0,89.18205
60.0,90.19915
80.0,116.6976
70.0,109.70706
70.0,125.77513
60.0,96.233986
230.0,97.78633
190.0,93.58393
180.0,194.90427
80.0,170.9692
80.0,182.10995
60.0,141.48227
360.0,126.67211
370.0,115.772026
110.0,213.74393
60.0,211.14932
70.0,148.56058
240.0,159.72461
60.0,143.92412
50.0,192.0766
60.0,126.420944
50.0,136.95145
60.0,133.41483
80.0,130.58418
60.0,137.63045
80.0,129.74776
70.0,123.188896
70.0,147.53476
70.0,150.34232
70.0,155.25488
70.0,143.34496
70.0,140.78403
100.0,136.72
90.0,135.32437
90.0,138.6211
90.0,134.60464
170.0,144.27544
410.0,134.45903
540.0,147.76932
310.0,216.33858
110.0,228.23401
110.0,183.58337
110.0,156.1349
120.0,164.20699
160.0,154.12503
110.0,149.81502
120.0,157.08894
110.0,138.03813
110.0,141.92407
110.0,114.91847
100.0,111.99319
110.0,108.28577
100.0,113.26067
100.0,110.76713
100.0,109.34939
120.0,120.3535
80.0,119.60574
70.0,132.71132
70.0,127.63549
70.0,114.93998
70.0,107.18325
70.0,113.81391
80.0,99.78267
70.0,101.8935
70.0,104.52509
80.0,92.42532
70.0,95.234055
70.0,99.15308
80.0,90.21412
60.0,87.10793
60.0,92.92695
60.0,81.623184
60.0,86.970505
60.0,73.09414
50.0,78.44173
70.0,81.8024
50.0,75.14453
50.0,78.4735
60.0,79.04961
50.0,77.95817
50.0,73.49118
50.0,76.198616
50.0,71.12979
50.0,64.105194
50.0,73.975845
60.0,67.94516
50.0,72.286385
70.0,66.4051
60.0,78.09091
50.0,73.37917
70.0,69.951294
50.0,76.30536
60.0,71.753334
50.0,62.962208
70.0,75.36301
50.0,75.985275
60.0,71.98306
50.0,66.97621
60.0,68.04983
50.0,66.67883
50.0,65.75072
50.0,75.42492
50.0,70.21241
50.0,68.493866
50.0,72.193306
50.0,64.96647
100.0,69.080185
50.0,75.81193
80.0,82.079796
60.0,73.71121
80.0,77.76908
60.0,71.93445
70.0,83.53388
70.0,83.99264
60.0,76.70782
60.0,75.11168
60.0,79.873505
60.0,71.14954
60.0,73.738846
80.0,78.47374
50.0,77.8685
60.0,79.19926
50.0,65.38229
60.0,74.67558
50.0,72.133194
60.0,78.59549
50.0,73.22817
60.0,70.6714
60.0,74.07948
60.0,78.943855
60.0,78.44876
60.0,84.82494
60.0,76.05097
50.0,79.21676
50.0,79.258896
50.0,79.87663
50.0,72.02281
50.0,79.45593
50.0,76.82249
60.0,76.414665
50.0,76.05162
60.0,80.699455
60.0,80.59331
60.0,78.195946
50.0,79.7611
60.0,84.20882
60.0,74.532166
50.0,83.11685
60.0,81.20751
60.0,80.34912
50.0,78.96489
60.0,79.055046
60.0,78.670456
60.0,78.59018
50.0,83.35444
60.0,81.461395
50.0,80.784935
60.0,83.894005
50.0,85.75778
50.0,87.2095
50.0,79.38052
50.0,86.51645
50.0,80.94496
50.0,83.992546
60.0,81.99321
60.0,86.13863
50.0,88.19595
60.0,90.13053
60.0,83.69821
60.0,83.17984
60.0,84.79223
50.0,87.56726
60.0,90.6569
50.0,78.447296
60.0,84.0525
70.0,77.26114
70.0,86.831726
70.0,91.914604
80.0,86.354164
70.0,87.826706
80.0,88.239624
80.0,86.373886
100.0,88.24685
350.0,91.41855
140.0,105.728615
80.0,159.76564
80.0,112.54222
100.0,119.518036
110.0,97.06196
100.0,103.94775
100.0,103.45908
100.0,83.91319
100.0,91.60833
140.0,86.58602
90.0,93.59081
100.0,92.77973
90.0,90.25875
100.0,89.13747
90.0,83.782745
90.0,86.96748
100.0,88.11102
100.0,84.66725
110.0,88.806915
70.0,90.257645
60.0,94.59569
60.0,82.04967
50.0,78.94158
60.0,84.848206
60.0,81.74962
60.0,84.21209
50.0,76.321
60.0,77.10257
60.0,79.83068
60.0,83.37552
60.0,77.03942
50.0,79.79746
60.0,75.070015
50.0,78.39408
70.0,78.370834
50.0,74.45502
60.0,79.47163
39.999996,72.191986
50.0,76.51836
50.0,74.21545
60.0,77.1613
50.0,72.44627
60.0,78.97251
50.0,74.176506
60.0,72.60028
50.0,75.48665
70.0,75.50609
50.0,71.46052
60.0,76.90821
50.0,72.56009
60.0,77.10272
60.0,73.07091
60.0,71.94942
50.0,77.1239
60.0,74.09367
50.0,71.40104
50.0,78.05902
50.0,70.396065
50.0,74.62914
60.0,76.65903
50.0,69.19795
50.0,75.53702
50.0,74.22173
50.0,71.321594
50.0,74.15987
60.0,73.32628
60.0,75.88775
50.0,78.1662
60.0,74.07236
100.0,77.71072
70.0,79.59354
70.0,86.51957
320.0,77.094696
80.0,81.94853
60.0,128.57854
70.0,77.9849
60.0,86.54626
70.0,81.031494
70.0,78.71453
70.0,92.28823
80.0,78.88372
70.0,80.51795
70.0,84.99198
100.0,80.56813
410.0,81.47002
270.0,89.50064
60.0,154.83087
70.0,129.26155
80.0,85.39066
80.0,85.43266
39.999996,72.040596
50.0,75.042755
70.0,54.848225
70.0,63.312916
90.0,76.239655
70.0,70.03761
60.0,69.34117
50.0,59.77135
70.0,58.724323
90.0,58.57664
60.0,63.539604
50.0,74.27954
50.0,58.173164
60.0,56.51296
60.0,50.701862
50.0,55.061497
60.0,57.852123
50.0,55.513424
70.0,58.710796
50.0,56.556095
60.0,67.71417
50.0,60.78668
60.0,64.976166
50.0,57.168926
70.0,61.455124
70.0,59.976814
80.0,69.91986
60.0,69.77975
90.0,72.80306
70.0,66.743065
90.0,76.77213
70.0,70.75446
90.0,83.496284
70.0,75.997986
80.0,86.552956
80.0,77.78906
80.0,81.162735
80.0,80.97549
80.0,83.04387
70.0,86.82673
80.0,85.86836
70.0,78.641754
70.0,78.59675
70.0,77.32497
80.0,76.65562
70.0,71.981346
80.0,73.630325
80.0,75.97237
70.0,79.0486
90.0,71.90588
80.0,71.99984
100.0,78.45914
110.0,70.57742
100.0,75.26743
110.0,75.959724
90.0,71.530685
100.0,79.90344
100.0,72.8692
100.0,77.609436
110.0,78.30039
90.0,84.115326
120.0,91.30555
90.0,91.37826
100.0,97.44018
80.0,80.1028
90.0,86.58402
100.0,78.7675
90.0,80.08412
90.0,79.525894
80.0,79.81064
70.0,79.16854
80.0,79.50947
70.0,77.62275
60.0,78.35173
50.0,76.31588
70.0,75.72707
60.0,71.39855
60.0,76.99785
50.0,78.74403
60.0,73.57868
39.999996,76.26024
60.0,78.950745
70.0,72.36441
50.0,78.98732
50.0,79.04959
60.0,75.61833
50.0,75.93196
60.0,75.32597
60.0,71.79183
60.0,75.00026
60.0,76.934235
50.0,73.87608
60.0,69.2055
60.0,68.77525
60.0,73.10683
50.0,73.39622
60.0,72.17253
50.0,68.7731
60.0,69.502
60.0,67.216156
60.0,73.0273
50.0,70.82881
60.0,68.24571
50.0,69.10544
70.0,67.75961
50.0,65.83901
60.0,70.439896
50.0,65.01726
50.0,70.34085
50.0,65.98538
50.0,62.328598
50.0,63.584675
50.0,64.99071
50.0,66.49795
60.0,65.04387
50.0,65.43273
70.0,68.49137
50.0,69.099625
50.0,72.688995
60.0,63.318123
60.0,66.00408
50.0,70.967735
60.0,66.17906
90.0,64.09118
50.0,66.448784
60.0,75.43125
50.0,62.986217
39.999996,74.97335
50.0,70.01884
39.999996,69.18266
50.0,68.33161
60.0,66.149826
60.0,72.12783
60.0,75.67529
50.0,70.476585
60.0,73.33978
50.0,75.28491
70.0,73.758354
50.0,71.45856
60.0,75.33469
50.0,64.026886
50.0,64.93121
50.0,63.811417
50.0,59.947144
39.999996,61.407284
50.0,66.29172
39.999996,67.50667
50.0,60.630703
50.0,60.42106
60.0,61.092896
60.0,63.048
60.0,72.32561
60.0,68.01527
50.0,67.544174
60.0,69.35362
60.0,71.31387
50.0,67.889534
50.0,70.99777
50.0,64.00328
50.0,60.7627
50.0,60.70639
50.0,61.621483
50.0,62.717415
60.0,63.59502
60.0,61.59548
50.0,71.802795
60.0,66.89727
50.0,60.294567
60.0,58.78077
60.0,55.841644
60.0,66.12425
50.0,68.19336
60.0,69.60953
50.0,67.66497
60.0,69.35292
60.0,61.43537
60.0,67.68809
50.0,68.11183
70.0,66.05678
39.999996,63.045288
50.0,71.47165
60.0,61.472183
80.0,73.24124
60.0,75.17188
80.0,81.78685
80.0,74.43974
100.0,82.22833
100.0,79.24132
110.0,92.2346
200.0,95.28195
100.0,96.95778
100.0,120.438255
100.0,89.68565
110.0,94.017296
120.0,92.23539
110.0,90.624626
470.0,93.183754
340.0,93.1336
100.0,209.96695
110.0,158.1718
110.0,127.326355
90.0,129.50041
110.0,107.43598
110.0,96.50263
130.0,94.30673
120.0,94.05641
120.0,109.0358
120.0,108.13701
130.0,106.13009
120.0,100.52869
130.0,99.39197
120.0,91.95168
80.0,101.69561
70.0,101.63274
70.0,90.82968
130.0,84.9947
80.0,81.51161
70.0,95.28075
80.0,81.56798
80.0,85.41498
60.0,87.863014
60.0,86.37438
60.0,74.47307
60.0,74.88609
70.0,74.66775
50.0,71.97591
60.0,79.345215
60.0,72.57214
60.0,71.50319
60.0,72.88519
60.0,77.67995
50.0,75.39397
60.0,73.38845
50.0,73.86024
70.0,75.07023
50.0,68.146324
60.0,70.821915
39.999996,71.207985
60.0,76.233444
50.0,67.33598
50.0,76.84234
50.0,75.60245
50.0,73.3673
60.0,70.86275
60.0,69.128815
50.0,75.07254
60.0,74.27466
60.0,74.63238
50.0,76.681946
60.0,69.19411
60.0,65.68101
60.0,71.481674
60.0,73.41528
60.0,72.02095
50.0,67.92149
60.0,67.47974
60.0,68.21215
60.0,72.0577
50.0,70.95744
50.0,68.48946
50.0,64.13843
50.0,65.33501
50.0,67.33378
50.0,69.356125
50.0,67.12591
60.0,66.32889
50.0,66.06514
60.0,72.82423
60.0,68.461334
70.0,69.24443
60.0,67.76481
70.0,74.264145
190.0,68.0744
370.0,71.72435
100.0,113.43065
90.0,154.23428
110.0,81.65616
80.0,96.793846
120.0,96.063255
110.0,80.38521
80.0,91.91141
560.00006,86.038994
660.0,82.33473
330.00003,220.37169
270.0,227.6004
290.0,185.90405
230.0,198.82437
250.0,193.22458
190.0,194.78967
80.0,198.44101
70.0,193.56264
60.0,170.30031
80.0,187.01291
80.0,193.77982
70.0,202.39163
60.0,195.72028
80.0,172.22064
70.0,159.26712
80.0,130.0556
80.0,121.61509
110.0,121.23954
600.0,110.74696
560.00006,112.76861
320.0,275.08694
260.0,226.19443
280.0,210.39372
260.0,214.82782
240.0,213.48485
210.0,210.94135
100.0,208.40514
380.0,211.3095
620.0,188.3787
310.0,292.02875
270.0,337.20093
280.0,263.41498
240.0,276.78857
280.0,268.70178
230.0,246.18777
170.0,257.07578
170.0,236.74701
620.0,224.97295
460.0,231.16742
240.0,345.07758
250.0,304.31137
270.0,252.4123
250.0,256.17545
220.0,243.77603
170.0,231.11154
100.0,211.46722
200.0,205.01077
350.0,186.95914
300.0,219.94922
450.0,274.4966
450.0,257.866
290.0,307.1463
270.0,292.09995
280.0,238.41394
200.0,214.4935
120.0,214.20308
120.0,182.40494
110.0,152.46231
560.00006,160.02081
450.0,171.1542
490.0,312.99228
280.0,258.45862
280.0,273.6904
310.0,215.16177
280.0,225.72302
310.0,234.88486
330.00003,196.5366
190.0,214.18845
130.0,215.44708
140.0,181.87909
150.0,169.22794
140.0,154.35988
130.0,144.23227
130.0,144.3162
100.0,144.02353
120.0,142.02922
100.0,129.74438
80.0,144.00754
60.0,118.825165
60.0,109.5366
60.0,99.25648
60.0,97.20664
60.0,97.17475
60.0,97.2813
50.0,93.37064
50.0,90.47734
50.0,84.757225
60.0,84.04108
60.0,85.61923
60.0,92.430466
70.0,88.848724
60.0,87.18044
60.0,89.95192
60.0,90.57565
60.0,88.51569
50.0,87.22768
60.0,95.09203
50.0,92.11107
60.0,93.780235
60.0,88.40199
70.0,86.61542
60.0,82.7882
70.0,84.13997
60.0,78.0529
60.0,81.78153
70.0,81.8687
60.0,77.91634
60.0,82.93457
50.0,77.8801
60.0,72.383224
60.0,69.94368
60.0,73.706894
70.0,73.02817
60.0,72.140114
70.0,77.38363
60.0,63.613174
60.0,74.541885
50.0,66.872604
60.0,68.134964
60.0,60.440575
50.0,66.79843
60.0,61.743084
60.0,56.09817
60.0,61.73762
70.0,56.410816
60.0,65.96661
60.0,70.44871
60.0,59.647785
50.0,61.326775
60.0,60.673428
50.0,52.177624
60.0,58.33556
70.0,56.299168
50.0,64.3614
70.0,66.52645
60.0,48.914818
70.0,63.200264
70.0,53.323475
60.0,61.04158
100.0,64.2016
50.0,56.231544
80.0,81.78458
320.0,58.654984
350.0,76.66913
160.0,204.87851
70.0,198.06752
80.0,124.33275
70.0,80.325836
70.0,74.667885
70.0,54.254795
80.0,77.338646
80.0,98.56089
100.0,135.47319
90.0,139.03918
290.0,141.60411
430.0,130.69919
100.0,200.98401
100.0,224.32092
100.0,123.29841
110.0,136.56316
110.0,111.38374
110.0,120.18661
90.0,111.36635
90.0,117.94014
100.0,117.26488
90.0,115.24649
100.0,109.048676
110.0,109.52277
110.0,116.94734
130.0,123.01672
110.0,114.01298
110.0,125.28659
130.0,118.69327
110.0,121.698586
130.0,131.70187
130.0,121.55562
120.0,141.83533
90.0,136.21584
100.0,138.57358
100.0,115.30232
110.0,116.39289
110.0,122.761604
100.0,132.62202
90.0,134.1822
130.0,125.470665
120.0,126.57671
140.0,136.54254
130.0,130.68637
130.0,147.73141
130.0,142.7829
130.0,141.62862
120.0,147.33627
110.0,136.66832
110.0,136.87836
110.0,134.45079
110.0,138.02487
110.0,132.68245
100.0,132.01324
100.0,131.31985
90.0,128.18828
100.0,130.93098
490.0,127.44265
570.0,131.98703
460.0,257.7927
120.0,249.22311
100.0,241.46558
110.0,143.09567
110.0,159.46767
100.0,131.41257
100.0,121.470116
90.0,105.40924
90.0,113.93609
90.0,123.397026
90.0,127.805046
80.0,124.28351
110.0,126.79491
90.0,111.39395
80.0,117.72711
80.0,100.370384
80.0,99.17577
80.0,109.07414
80.0,103.80193
80.0,100.18639
70.0,96.82542
80.0,96.70155
70.0,92.26316
70.0,97.46431
90.0,95.72789
70.0,95.05606
50.0,111.479706
50.0,92.95752
50.0,82.83591
60.0,78.92731
50.0,77.42443
39.999996,76.646065
50.0,70.88469
50.0,64.71634
50.0,69.52699
50.0,66.19769
60.0,65.87591
50.0,72.42988
60.0,80.7692
50.0,71.07525
50.0,76.70745
50.0,63.193794
50.0,69.03308
60.0,66.73717
50.0,63.025166
50.0,68.37534
60.0,67.877106
60.0,69.70337
50.0,72.704185
60.0,69.088524
50.0,66.9268
60.0,69.273575
50.0,60.1615
39.999996,69.112686
60.0,63.9029
30.0,59.97137
39.999996,67.18494
30.0,53.382156
39.999996,62.004166
39.999996,58.232918
50.0,61.51971
60.0,59.847095
50.0,66.148544
60.0,67.99608
39.999996,67.82745
50.0,69.10439
60.0,62.75947
39.999996,75.08073
60.0,74.27962
60.0,62.7166
60.0,71.094345
60.0,67.57312
50.0,71.57305
50.0,75.90538
60.0,69.16673
39.999996,65.26374
60.0,73.54022
50.0,63.035847
90.0,79.73381
80.0,72.73587
50.0,91.95402
60.0,85.44736
60.0,76.03012
220.0,84.5556
190.0,82.241135
120.0,165.24283
70.0,146.07925
50.0,121.412415
150.0,91.98703
130.0,65.88574
120.0,137.20126
110.0,110.01741
80.0,118.01162
100.0,122.272194
100.0,103.003746
100.0,107.783516
70.0,107.96764
80.0,114.14637
80.0,93.53792
200.0,117.508
110.0,100.61225
110.0,176.65158
100.0,113.22049
100.0,129.39297
110.0,133.67578
100.0,128.12401
110.0,146.14166
110.0,121.956924
90.0,129.92177
100.0,141.02225
90.0,132.93103
110.0,129.33914
100.0,122.10889
90.0,121.86509
110.0,125.06937
110.0,120.16507
100.0,126.573616
260.0,130.9955
160.0,134.89102
80.0,190.93475
80.0,158.98712
90.0,130.72136
90.0,128.75815
70.0,123.384415
100.0,120.01964
100.0,107.8274
100.0,134.57123
80.0,133.2813
90.0,130.70776
100.0,122.26045
90.0,118.80206
100.0,143.5296
100.0,148.42743
110.0,157.07465
130.0,170.14853
110.0,171.76749
110.0,174.10184
300.0,160.56795
360.0,175.0432
140.0,226.0785
100.0,240.35385
200.0,187.04333
330.00003,185.28442
290.0,215.22182
120.0,240.74896
80.0,201.03859
80.0,168.47284
100.0,145.62003
110.0,160.4154
100.0,154.90642
110.0,158.60864
100.0,149.77353
100.0,151.1472
80.0,141.84578
100.0,130.50656
90.0,122.44674
100.0,120.60799
90.0,114.697586
170.0,123.13321
500.0,117.888245
330.00003,143.40585
290.0,216.60841
260.0,188.15009
230.0,191.62032
240.0,177.81894
240.0,163.58205
150.0,160.91002
100.0,157.76732
90.0,126.29359
90.0,112.1432
90.0,101.76984
80.0,98.57441
100.0,102.89085
70.0,101.648796
80.0,111.335434
80.0,98.40476
80.0,102.35203
80.0,101.55546
90.0,100.876495
90.0,102.851845
80.0,103.87217
70.0,101.75875
50.0,97.98711
60.0,86.937
60.0,81.70713
50.0,82.784386
50.0,84.706696
60.0,77.83009
50.0,78.85347
50.0,80.1382
50.0,78.53057
60.0,79.10832
50.0,76.3924
70.0,82.0278
50.0,76.663635
60.0,79.91004
60.0,76.44146
50.0,78.64088
70.0,78.38149
50.0,76.68018
50.0,78.49438
50.0,71.29607
50.0,74.614815
50.0,74.49432
50.0,73.621704
50.0,78.72207
60.0,72.259315
50.0,75.22411
60.0,73.60403
60.0,72.44036
50.0,73.80985
60.0,79.21956
50.0,71.92631
50.0,73.938354
50.0,73.11867
50.0,68.51604
50.0,75.044205
50.0,71.95793
50.0,70.0421
60.0,69.807724
50.0,69.25833
60.0,72.90015
60.0,68.231316
60.0,72.111305
50.0,72.19957
50.0,79.784065
90.0,77.578735
60.0,77.62374
39.999996,94.972206
50.0,82.46147
60.0,78.24899
50.0,80.36881
160.0,85.0889
170.0,82.37564
80.0,118.61577
60.0,121.175064
50.0,90.88149
50.0,87.75569
80.0,80.84348
100.0,91.478714
320.0,110.004295
160.0,134.52896
100.0,205.858
100.0,134.34909
110.0,141.34517
100.0,128.14186
100.0,128.48985
100.0,140.57309
90.0,137.07559
110.0,124.034615
110.0,112.546814
110.0,117.7402
290.0,124.56608
450.0,125.19633
160.0,211.01515
100.0,256.9059
120.0,179.41461
120.0,184.87965
120.0,172.45705
330.00003,179.50488
350.0,168.87173
360.0,268.22723
340.0,278.24777
100.0,289.7587
80.0,269.55347
90.0,200.85812
80.0,209.48627
80.0,163.21674
100.0,141.98384
100.0,138.12875
100.0,150.0606
80.0,155.04501
210.0,167.71361
90.0,148.53806
100.0,209.06396
90.0,135.78038
90.0,157.16104
90.0,120.45117
90.0,129.7149
90.0,117.465324
80.0,117.293495
90.0,120.55644
90.0,115.80846
120.0,122.52837
110.0,119.616196
110.0,140.87181
630.0,127.38414
400.0,126.06056
350.0,279.67184
120.0,216.87296
100.0,258.1226
110.0,186.2693
100.0,169.70676
150.0,142.26962
100.0,117.41417
120.0,147.68326
120.0,132.31693
110.0,148.9981
120.0,127.035
120.0,120.60026
110.0,123.13372
100.0,116.41366
130.0,114.86424
80.0,99.61336
80.0,111.14174
80.0,94.053085
80.0,101.41298
80.0,96.52269
70.0,93.36952
60.0,92.55371
60.0,95.034645
60.0,86.895454
50.0,89.03552
50.0,87.0278
39.999996,73.52075
60.0,79.899574
39.999996,69.826965
39.999996,81.21759
50.0,74.21631
60.0,78.521416
70.0,68.73238
60.0,81.67061
70.0,82.88293
50.0,74.38986
39.999996,81.17112
50.0,62.780952
50.0,64.90869
50.0,60.708366
50.0,58.345055
60.0,64.66741
50.0,58.459255
60.0,68.47052
50.0,53.558403
60.0,64.41078
50.0,57.206898
60.0,59.612484
50.0,58.335903
39.999996,60.626335
60.0,55.33615
39.999996,52.337166
70.0,61.542137
50.0,54.684715
60.0,70.48386
60.0,64.11157
50.0,56.764774
60.0,57.99189
39.999996,54.16571
50.0,52.60261
50.0,45.808727
50.0,53.95689
50.0,51.99726
60.0,54.77035
50.0,57.035885
60.0,57.85347
70.0,52.147385
80.0,58.06723
50.0,61.179993
50.0,68.41089
50.0,54.866707
50.0,52.264503
60.0,52.865376
39.999996,55.670776
50.0,59.46653
39.999996,55.36025
80.0,53.92579
70.0,52.682625
60.0,74.72772
70.0,69.36229
110.0,55.445473
50.0,69.05018
50.0,81.352425
50.0,55.05437
50.0,55.487473
70.0,68.16733
50.0,66.29632
60.0,70.590195
60.0,58.31379
50.0,66.45387
50.0,68.763214
50.0,58.1034
50.0,56.51774
50.0,61.16589
50.0,58.50833
60.0,59.37707
50.0,59.23368
50.0,67.773
60.0,62.007107
50.0,64.053314
60.0,71.31242
50.0,70.46692
60.0,79.73845
39.999996,70.652214
60.0,72.164955
39.999996,60.707603
60.0,73.887695
50.0,64.372284
60.0,68.36898
50.0,70.062935
50.0,81.72714
60.0,72.64061
50.0,75.58916
50.0,75.49998
39.999996,77.21866
50.0,77.34583
50.0,76.64462
39.999996,75.898544
30.0,74.70644
39.999996,80.767044
39.999996,73.512276
60.0,68.98013
60.0,68.77142
50.0,84.14093
60.0,88.64942
50.0,83.528786
50.0,90.63211
39.999996,77.92784
50.0,83.82526
60.0,85.510086
60.0,84.47779
50.0,90.45939
60.0,85.00601
60.0,78.09871
50.0,95.48993
80.0,91.06715
70.0,89.0245
80.0,101.525955
80.0,98.33364
80.0,93.23288
90.0,108.825806
100.0,116.67442
190.0,107.24846
380.0,115.48224
100.0,162.31287
90.0,195.55432
110.0,128.41112
90.0,154.51662
110.0,147.20473
100.0,137.86604
90.0,137.75433
140.0,126.23604
140.0,125.92235
130.0,130.13647
120.0,131.63419
120.0,132.27043
130.0,128.50342
140.0,113.66915
110.0,119.41913
110.0,122.657974
110.0,107.58032
110.0,118.38341
90.0,102.53693
60.0,98.99993
80.0,96.977715
50.0,88.476715
60.0,90.64656
50.0,80.77747
60.0,92.07543
80.0,78.525154
50.0,79.59889
39.999996,86.90819
20.0,78.98974
30.0,77.77472
30.0,63.055824
60.0,76.52072
60.0,61.343067
60.0,75.478676
60.0,77.855385
60.0,80.70306
50.0,74.75178
60.0,64.087395
50.0,67.79947
50.0,76.339134
50.0,67.36928
50.0,58.808903
50.0,62.94202
39.999996,66.6571
60.0,58.104866
50.0,52.258858
60.0,69.11129
60.0,68.82231
60.0,69.22548
50.0,75.306335
60.0,62.78373
50.0,59.943474
50.0,64.46373
60.0,56.32857
39.999996,57.720905
60.0,70.80411
39.999996,56.98292
60.0,72.94127
60.0,55.444973
50.0,66.463196
60.0,62.985107
50.0,64.61006
60.0,69.36288
50.0,55.508038
50.0,62.26429
39.999996,57.385803
80.0,63.95971
70.0,58.21195
60.0,71.989334
50.0,66.03934
70.0,62.038162
60.0,62.631756
60.0,69.07992
130.0,75.33232
60.0,63.124737
70.0,87.29912
50.0,56.22645
50.0,69.66783
50.0,69.2577
50.0,72.87849
50.0,62.58042
50.0,68.55953
60.0,70.95471
60.0,67.1799
50.0,79.234505
70.0,77.74425
70.0,77.42963
80.0,76.16232
50.0,77.84032
50.0,84.56221
50.0,66.841675
39.999996,72.19942
90.0,73.19647
60.0,63.331768
80.0,83.50517
70.0,77.548325
60.0,86.03069
39.999996,78.45388
60.0,74.427605
50.0,76.17084
50.0,79.493256
90.0,73.136566
100.0,79.4181
80.0,97.42679
60.0,93.11599
70.0,84.3335
50.0,81.09743
60.0,87.12607
50.0,78.745415
50.0,83.356544
50.0,80.26926
39.999996,82.43981
80.0,83.078545
70.0,82.6336
90.0,93.65003
80.0,83.96737
90.0,97.080215
80.0,95.95056
90.0,100.72087
90.0,102.098526
90.0,107.77645
80.0,107.58081
80.0,117.385765
80.0,118.548294
80.0,123.2045
80.0,120.515015
90.0,112.41904
90.0,114.00587
90.0,129.29935
80.0,123.99396
80.0,118.51053
70.0,119.404724
70.0,119.80626
50.0,101.74884
70.0,112.689705
140.0,98.75575
240.0,99.57453
60.0,118.63369
70.0,153.27306
90.0,101.92229
100.0,124.915665
110.0,120.950424
100.0,118.08372
240.0,121.95222
130.0,115.75496
150.0,171.08417
120.0,150.07758
210.0,163.35141
330.00003,157.9336
130.0,185.54964
130.0,213.00598
150.0,147.68091
140.0,161.09172
160.0,153.77512
140.0,155.83456
140.0,144.7895
160.0,137.54985
140.0,138.22125
130.0,132.7909
290.0,117.247406
460.0,120.02339
160.0,170.63043
100.0,220.59534
110.0,146.88986
90.0,140.37024
70.0,130.59012
60.0,105.42215
60.0,96.12651
50.0,86.855804
60.0,81.62479
50.0,76.315605
60.0,79.563065
39.999996,73.46393
50.0,75.743706
50.0,66.7824
50.0,62.309025
60.0,63.92166
50.0,68.27644
70.0,72.31958
60.0,67.27061
60.0,73.74805
50.0,59.432896
60.0,54.624588
39.999996,60.647957
50.0,66.93647
50.0,57.848732
39.999996,61.42116
50.0,64.87347
50.0,57.475086
60.0,58.555054
50.0,55.23774
60.0,63.188557
50.0,58.056755
50.0,60.389206
50.0,55.948742
50.0,53.936535
60.0,54.83813
39.999996,57.42103
50.0,62.97283
39.999996,54.264896
60.0,52.268673
39.999996,47.015038
60.0,55.542343
60.0,48.968098
60.0,55.333797
60.0,63.030205
50.0,58.540966
60.0,56.321545
50.0,52.11547
60.0,60.070084
50.0,52.422523
80.0,60.1219
39.999996,52.776222
50.0,65.03433
50.0,48.220505
60.0,53.34734
60.0,56.009285
60.0,63.114357
70.0,59.73704
60.0,55.89757
50.0,59.226463
50.0,52.357056
50.0,53.36666
39.999996,60.569733
60.0,57.915268
39.999996,53.241673
60.0,65.09936
50.0,54.52421
60.0,63.668087
50.0,60.65298
60.0,57.47574
50.0,52.947334
50.0,58.667294
50.0,53.94467
50.0,45.769184
39.999996,50.30005
20.0,52.785408
39.999996,53.9232
30.0,36.77204
39.999996,36.651047
60.0,28.300537
50.0,32.233536
60.0,43.086502
50.0,37.22158
50.0,36.599895
60.0,30.3442
39.999996,28.31205
50.0,39.579235
50.0,25.574356
50.0,36.599884
60.0,38.216953
60.0,37.660374
60.0,40.69874
50.0,42.596375
70.0,45.387417
50.0,46.47972
60.0,55.638
39.999996,47.47541
50.0,57.176586
39.999996,46.797318
50.0,62.06378
50.0,52.85711
50.0,64.0788
60.0,64.31799
50.0,60.218388
60.0,68.29662
50.0,62.764786
60.0,74.24461
80.0,64.61641
80.0,66.14256
80.0,79.388306
80.0,77.5437
80.0,87.4135
80.0,93.17812
90.0,96.11962
80.0,102.12799
100.0,109.84422
90.0,106.12889
90.0,119.87139
80.0,116.47319
100.0,119.30133
80.0,115.34404
70.0,139.63321
90.0,113.16999
70.0,116.06542
100.0,122.949875
400.0,105.419685
520.0,124.266
160.0,216.26535
100.0,245.16626
210.0,173.28659
110.0,185.78235
70.0,202.6701
70.0,156.80122
70.0,140.17569
100.0,122.92834
110.0,130.08112
100.0,139.67429
110.0,135.52167
100.0,135.1901
170.0,128.338
110.0,119.45621
130.0,142.54333
120.0,115.41061
90.0,123.75314
90.0,114.40127
70.0,104.31014
80.0,106.12596
70.0,95.40818
60.0,99.250916
60.0,91.15516
60.0,93.91989
50.0,90.48723
50.0,84.2669
50.0,83.37167
50.0,80.49406
50.0,81.737625
50.0,77.727646
60.0,82.30348
50.0,80.41215
60.0,77.33908
60.0,74.78941
50.0,82.05377
60.0,78.71974
39.999996,75.85429
50.0,71.85005
50.0,56.0914
60.0,66.440094
39.999996,66.040375
70.0,72.86781
50.0,65.53607
50.0,76.29427
60.0,64.06631
50.0,63.858093
60.0,68.606865
39.999996,60.469204
50.0,66.940796
39.999996,62.349705
30.0,65.77403
20.0,57.85329
30.0,53.10302
50.0,50.969097
70.0,55.605007
60.0,65.75072
50.0,71.914894
60.0,66.30519
60.0,62.48409
50.0,69.43974
50.0,68.05875
50.0,68.07675
50.0,67.107864
50.0,66.601944
50.0,69.50591
60.0,65.64114
80.0,63.6168
80.0,76.64331
50.0,86.38083
60.0,71.47088
60.0,62.272354
39.999996,77.50037
60.0,72.56192
50.0,70.07563
50.0,68.55365
60.0,67.42592
90.0,75.12164
90.0,82.798676
80.0,95.07023
90.0,105.68975
80.0,92.1559
70.0,91.771774
80.0,92.34506
80.0,77.82907
110.0,86.872475
130.0,89.11796
170.0,115.285805
130.0,125.3096
130.0,150.43588
90.0,132.42715
70.0,127.799805
60.0,119.283356
90.0,112.06569
80.0,99.39084
80.0,125.659096
60.0,126.492805
100.0,129.07935
80.0,122.332924
70.0,135.6341
90.0,120.41405
70.0,119.56467
80.0,118.258156
70.0,109.14644
80.0,112.7688
60.0,106.260864
60.0,109.79343
120.0,111.10099
50.0,115.84701
70.0,137.38054
60.0,104.28196
90.0,129.87883
70.0,116.3931
70.0,146.71608
70.0,116.96263
70.0,111.13468
60.0,100.89435
70.0,99.30312
60.0,99.710556
50.0,110.37252
60.0,105.93005
60.0,105.6214
70.0,109.81998
60.0,112.14347
60.0,118.84051
50.0,115.399506
60.0,119.84941
50.0,110.49783
39.999996,105.74919
50.0,99.66075
50.0,95.2707
50.0,103.57366
39.999996,104.01477
30.0,100.5547
39.999996,91.2783
30.0,90.116394
60.0,91.3894
60.0,83.17523
70.0,96.85293
90.0,93.12587
60.0,98.80537
80.0,116.536995
70.0,99.98557
80.0,116.60839
70.0,109.62749
90.0,119.49027
80.0,115.00666
80.0,122.57996
70.0,111.54833
70.0,111.48798
80.0,108.12411
70.0,103.05745
60.0,100.074974
60.0,101.323
70.0,94.91802
60.0,90.805504
70.0,91.18631
70.0,86.55731
70.0,91.306435
70.0,87.79725
70.0,92.380684
80.0,91.21315
60.0,87.12846
70.0,86.7389
60.0,77.313065
80.0,85.5355
70.0,89.743515
50.0,98.50749
60.0,91.32887
39.999996,78.589676
60.0,81.36435
50.0,74.51093
60.0,86.86114
60.0,76.93998
50.0,76.48183
50.0,73.07101
50.0,73.608734
50.0,73.71162
50.0,71.08376
39.999996,68.665405
30.0,74.23506
39.999996,70.465614
39.999996,74.66021
39.999996,71.9946
60.0,83.01867
60.0,79.60047
50.0,87.46788
60.0,78.39787
50.0,82.5719
50.0,83.40916
50.0,79.37922
50.0,73.84642
50.0,77.847275
60.0,74.280106
50.0,72.07978
60.0,79.12021
50.0,73.444214
60.0,79.52252
60.0,77.041695
39.999996,76.68874
50.0,81.11165
50.0,66.80308
39.999996,69.25213
60.0,72.67418
50.0,71.682014
60.0,77.71982
60.0,77.497696
60.0,76.30875
50.0,78.92966
60.0,71.018394
50.0,72.4253
70.0,78.9566
39.999996,79.7587
50.0,85.813705
50.0,70.21419
50.0,67.53203
50.0,74.06058
50.0,74.8061
60.0,85.331635
60.0,75.569305
50.0,85.26773
60.0,85.43847
80.0,82.552246
80.0,83.8652
50.0,86.56551
50.0,80.84148
60.0,67.840805
50.0,76.70817
50.0,91.5706
80.0,80.252426
330.00003,79.62408
280.0,107.15686
130.0,188.89656
330.00003,153.403
100.0,125.52401
100.0,211.41705
80.0,101.6736
90.0,132.04729
390.0,104.94363
790.0,105.7369
410.0,237.67752
270.0,306.26508
340.0,237.24597
270.0,237.89163
340.0,260.35147
610.00006,226.56421
470.0,255.35236
110.0,311.96725
590.0,277.92578
720.0,178.52603
600.0,334.1029
260.0,322.743
310.0,317.8859
270.0,237.99368
250.0,268.06863
270.0,244.85214
230.0,239.58624
200.0,243.19592
150.0,239.30902
80.0,237.97638
550.0,221.2117
620.0,205.47137
250.0,339.2985
300.0,308.53775
260.0,235.00827
220.0,274.20547
270.0,231.54147
220.0,234.75333
110.0,237.5214
480.0,224.44391
520.0,196.1388
380.0,323.07437
550.0,297.64362
540.0,288.9567
340.0,331.4862
220.0,323.97232
140.0,271.47482
110.0,240.03601
90.0,196.49167
110.0,193.61612
100.0,200.67918
90.0,206.70496
100.0,197.88837
120.0,198.58899
110.0,177.21945
90.0,184.21356
80.0,142.04773
90.0,131.1188
80.0,128.43216
150.0,117.37866
130.0,99.40951
120.0,127.35728
120.0,121.66552
120.0,119.83812
110.0,120.08607
110.0,123.21243
110.0,122.36939
110.0,123.55713
110.0,123.69635
110.0,116.292625
100.0,119.88477
110.0,115.82818
100.0,107.52726
100.0,118.51949
100.0,112.9517
70.0,101.39921
90.0,102.383675
100.0,100.8935
110.0,97.22163
340.0,99.312454
90.0,100.62337
90.0,156.8755
80.0,87.93881
90.0,103.66177
60.0,94.75175
80.0,88.59532
70.0,81.51886
70.0,85.50909
70.0,82.68536
70.0,87.81133
160.0,77.9119
410.0,77.642685
140.0,106.66238
60.0,157.23262
50.0,93.68086
60.0,91.96115
60.0,92.08858
60.0,82.72224
60.0,89.3146
60.0,75.20919
60.0,79.44754
50.0,79.58734
60.0,74.99302
60.0,79.499405
50.0,78.06951
60.0,73.65477
60.0,68.07604
50.0,77.08807
50.0,71.741615
50.0,77.80981
50.0,68.24441
50.0,63.519356
60.0,70.73539
50.0,66.91542
50.0,70.78323
60.0,73.91631
50.0,65.204414
60.0,66.13095
50.0,72.82972
60.0,65.77588
50.0,60.770905
60.0,66.55368
50.0,65.14874
60.0,69.86777
50.0,72.38078
60.0,68.69545
50.0,66.257965
50.0,76.89633
39.999996,63.952797
50.0,74.90089
50.0,60.46229
50.0,60.808407
50.0,66.506714
60.0,62.60092
70.0,68.34614
60.0,63.07499
60.0,77.01918
60.0,68.80263
60.0,73.32009
60.0,73.8476
70.0,74.5627
70.0,73.4568
60.0,65.72235
60.0,79.639694
50.0,74.64704
60.0,76.27186
220.0,72.690414
490.0,72.26719
260.0,113.19038
120.0,173.55713
120.0,129.2135
100.0,118.04065
130.0,104.27532
100.0,99.3771
110.0,109.25777
80.0,100.6102
90.0,123.3345
80.0,117.118576
150.0,117.75318
490.0,115.166016
320.0,121.72887
360.0,220.93845
470.0,160.99182
410.0,206.4018
290.0,227.61896
280.0,211.88123
250.0,194.84181
190.0,199.72739
130.0,196.1055
110.0,190.06627
110.0,183.80124
120.0,190.43768
100.0,188.93227
100.0,193.01125
100.0,185.36705
110.0,175.01102
110.0,147.3407
100.0,130.20932
100.0,114.870895
110.0,117.26304
110.0,94.62432
110.0,100.42608
110.0,104.65555
100.0,102.88412
100.0,107.1383
90.0,93.90506
100.0,99.819954
100.0,101.680016
110.0,107.28833
90.0,98.65778
90.0,102.31859
90.0,102.69285
80.0,101.1071
100.0,90.39679
90.0,91.63216
90.0,96.76844
80.0,89.070526
210.0,87.14942
440.0,82.79099
340.0,130.16367
240.0,182.7219
200.0,182.23682
160.0,173.51859
130.0,163.58423
110.0,153.57059
120.0,128.54247
110.0,130.80792
120.0,122.40631
130.0,123.05734
110.0,138.22675
110.0,125.88028
110.0,117.55252
90.0,115.84868
80.0,102.18538
80.0,105.83717
90.0,96.88858
120.0,93.88879
120.0,101.182
130.0,105.120255
120.0,104.49179
120.0,124.64032
90.0,114.24855
100.0,115.57878
100.0,108.662155
90.0,109.22521
80.0,108.73733
70.0,98.476006
80.0,98.74519
60.0,91.26935
80.0,92.5678
100.0,87.83756
80.0,91.8715
70.0,97.02536
60.0,92.84767
60.0,96.54889
60.0,90.92617
60.0,90.4003
60.0,92.42201
60.0,88.33638
60.0,83.63988
60.0,85.56435
60.0,85.32959
60.0,79.01798
60.0,80.3466
50.0,79.88411
50.0,83.2048
50.0,76.12787
50.0,76.5856
50.0,78.44741
50.0,80.85959
60.0,78.90057
50.0,77.49327
60.0,82.009155
60.0,75.53778
60.0,75.05258
60.0,78.63825
60.0,79.582565
50.0,78.42091
60.0,76.56549
50.0,73.5332
50.0,72.388306
50.0,70.62572
50.0,74.801605
50.0,69.61045
50.0,72.27575
39.999996,74.26529
50.0,72.51355
50.0,66.79385
60.0,70.96027
90.0,70.721016
60.0,77.69385
70.0,82.98148
70.0,75.49368
50.0,84.288956
60.0,78.29448
60.0,76.42588
60.0,84.98073
50.0,82.00492
80.0,88.802734
50.0,77.34092
60.0,85.619
60.0,77.23576
50.0,81.97832
70.0,78.42829
50.0,70.78529
60.0,78.78895
50.0,74.51152
50.0,85.61135
50.0,81.50363
50.0,74.81816
50.0,73.7154
60.0,80.41436
50.0,82.45521
60.0,83.41293
50.0,78.06723
60.0,76.2372
50.0,76.16737
60.0,89.56121
50.0,82.278534
50.0,84.63573
50.0,77.23434
39.999996,74.58731
60.0,77.62356
50.0,74.699295
60.0,87.47583
50.0,88.1883
60.0,95.94658
50.0,88.733444
60.0,85.58038
60.0,82.70726
60.0,86.70558
39.999996,88.56479
50.0,93.317726
60.0,90.87868
60.0,85.631165
80.0,99.558304
80.0,94.495224
50.0,101.6784
60.0,92.03165
60.0,89.25645
50.0,99.13311
60.0,97.99256
60.0,91.17414
60.0,95.74262
50.0,95.87104
60.0,99.16873
39.999996,105.35947
70.0,107.95942
70.0,91.18293
70.0,109.68907
70.0,107.15588
80.0,113.49736
60.0,101.74451
90.0,117.25427
70.0,101.51174
70.0,123.92377
60.0,108.42048
70.0,118.396965
100.0,108.12091
290.0,115.51087
350.0,130.62892
270.0,189.21098
230.0,197.28311
240.0,193.79153
590.0,200.22772
490.0,206.8923
460.0,302.939
160.0,273.88425
120.0,298.6395
110.0,225.61072
120.0,221.37073
120.0,171.74463
110.0,169.88274
170.0,150.77798
110.0,145.12872
110.0,148.52734
110.0,125.79436
110.0,127.171616
110.0,118.78001
110.0,121.0053
110.0,119.12286
100.0,117.39516
110.0,118.51392
100.0,114.18537
100.0,120.08281
80.0,118.800995
70.0,118.146164
70.0,109.76377
60.0,105.69584
70.0,104.59026
60.0,96.48134
60.0,98.833374
70.0,94.53074
70.0,92.9108
70.0,94.65299
60.0,95.94633
50.0,90.63888
70.0,88.051765
50.0,84.70683
60.0,89.05403
60.0,81.230064
50.0,87.38868
60.0,85.94424
60.0,83.928635
50.0,83.21861
39.999996,86.47675
50.0,77.85304
50.0,77.54562
50.0,77.58981
50.0,81.95333
60.0,74.48323
60.0,78.999466
60.0,82.973495
60.0,78.10567
50.0,80.32556
60.0,79.04655
50.0,80.44925
60.0,82.522964
50.0,82.53939
60.0,76.381714
50.0,80.16712
50.0,78.343185
50.0,79.23225
50.0,78.80065
50.0,75.08161
60.0,75.98947
60.0,79.04998
50.0,78.94937
50.0,78.705124
50.0,79.710686
60.0,73.38971
60.0,77.928696
50.0,80.8595
90.0,82.1277
50.0,75.4828
39.999996,85.47338
60.0,79.33678
340.0,68.64292
60.0,79.131035
70.0,148.58731
70.0,74.86843
70.0,89.768616
70.0,87.619194
80.0,83.63372
70.0,90.69165
90.0,81.378746
70.0,90.46103
80.0,109.420296
120.0,98.821304
400.0,103.3192
210.0,99.331245
60.0,174.25066
60.0,120.46434
60.0,87.60602
50.0,87.78463
60.0,82.94307
50.0,85.754684
30.0,87.63898
30.0,85.82219
30.0,81.34293
30.0,78.84607
60.0,71.36711
50.0,75.95577
60.0,83.025955
60.0,85.216545
60.0,83.92242
60.0,85.54776
70.0,90.91732
90.0,86.20027
90.0,96.95743
100.0,100.69606
110.0,105.946495
100.0,98.26431
110.0,103.803604
100.0,101.18975
170.0,103.269394
180.0,103.456406
110.0,123.85796
100.0,137.72542
110.0,112.27317
100.0,121.424385
110.0,110.26718
100.0,106.05621
110.0,121.56574
110.0,108.79701
140.0,119.34598
140.0,113.57446
150.0,131.0719
150.0,131.17575
150.0,134.91994
150.0,142.90114
150.0,141.28336
150.0,146.8453
160.0,145.3938
140.0,150.79143
140.0,158.87383
140.0,168.66718
140.0,189.10306
130.0,192.96017
140.0,179.2333
140.0,166.69955
140.0,181.23987
150.0,173.44987
140.0,166.59457
140.0,167.71906
150.0,167.0907
150.0,150.05222
150.0,151.16869
130.0,159.67696
160.0,156.33011
480.0,159.3223
260.0,149.26616
100.0,225.30542
110.0,158.39473
110.0,149.643
120.0,145.81743
120.0,133.99147
110.0,134.42058
160.0,123.59247
110.0,132.50676
110.0,142.68298
120.0,127.07907
130.0,126.59829
120.0,127.97592
100.0,126.130615
90.0,121.83424
110.0,114.88123
80.0,111.723946
80.0,114.33565
80.0,104.265625
90.0,110.671555
80.0,100.63589
70.0,99.29159
60.0,98.73258
80.0,101.135155
60.0,101.64487
70.0,99.29824
60.0,87.69002
60.0,88.963776
70.0,90.03201
50.0,84.480896
70.0,86.37361
50.0,74.42099
60.0,76.740944
60.0,71.33443
50.0,68.32732
60.0,69.20202
60.0,72.555336
50.0,59.445225
60.0,63.51587
50.0,64.800156
50.0,59.64548
50.0,59.68997
50.0,61.561142
50.0,63.555992
50.0,55.347294
50.0,58.28522
70.0,56.231533
50.0,59.182617
60.0,63.481766
50.0,54.788795
50.0,57.56368
60.0,55.544342
60.0,51.52367
60.0,57.260246
39.999996,55.876278
50.0,56.770657
50.0,46.22549
50.0,52.160877
50.0,52.04252
50.0,50.514946
50.0,54.035236
60.0,54.147655
60.0,50.767994
50.0,56.18477
50.0,54.109043
60.0,49.995403
60.0,51.484547
80.0,57.32879
50.0,56.045376
50.0,63.236282
50.0,52.444588
39.999996,49.6758
30.0,44.09003
50.0,39.471684
50.0,39.5608
50.0,56.41731
80.0,52.06512
70.0,49.235077
70.0,69.15136
90.0,60.69088
50.0,63.322628
60.0,63.66053
60.0,51.24435
60.0,61.255592
70.0,69.120094
110.0,80.09945
60.0,85.221214
110.0,94.10841
70.0,65.93915
80.0,90.621475
100.0,65.76374
110.0,90.7517
70.0,88.76324
90.0,90.543846
80.0,79.26539
90.0,96.047844
50.0,85.82058
100.0,110.63063
70.0,87.73375
120.0,94.64737
80.0,77.09476
50.0,104.45517
60.0,76.48227
50.0,55.243942
50.0,58.901382
50.0,60.959824
50.0,64.762314
39.999996,61.383965
60.0,54.99242
60.0,55.108746
60.0,64.822784
50.0,69.21474
60.0,71.19863
70.0,62.469013
50.0,59.840313
70.0,72.48389
80.0,73.09386
70.0,96.94888
90.0,99.454254
70.0,90.45435
80.0,92.543945
80.0,82.09618
80.0,89.824165
80.0,97.95313
70.0,90.459564
90.0,85.792435
80.0,83.29956
90.0,89.582634
70.0,96.24069
80.0,104.56564
80.0,86.43588
80.0,89.5849
90.0,94.59215
420.0,96.850395
240.0,102.05096
270.0,187.22449
190.0,146.55246
180.0,193.13295
70.0,173.41757
80.0,171.08511
120.0,124.79038
190.0,118.698204
160.0,136.11047
90.0,152.71454
100.0,138.15662
170.0,116.58239
310.0,122.48518
120.0,138.84366
120.0,184.49768
120.0,126.481064
120.0,147.41928
120.0,118.772385
130.0,117.38219
110.0,114.85612
120.0,123.84865
110.0,116.54082
110.0,119.1065
240.0,104.82828
440.0,100.944305
160.0,138.46063
80.0,193.85855
110.0,134.62604
70.0,129.0799
70.0,127.89908
50.0,82.98596
50.0,90.75351
60.0,65.83497
39.999996,74.68046
50.0,83.459625
50.0,70.653915
60.0,73.04119
50.0,61.906803
60.0,78.93645
50.0,65.9233
60.0,74.27306
50.0,75.515724
60.0,70.96784
50.0,65.68103
50.0,67.4066
50.0,67.82678
50.0,68.46268
50.0,53.441013
50.0,48.581753
60.0,59.855812
50.0,55.477737
60.0,61.640472
60.0,57.850334
60.0,64.529724
50.0,62.28155
50.0,56.637768
60.0,53.408836
50.0,54.951923
50.0,57.823612
39.999996,55.648727
50.0,50.354614
50.0,45.885715
60.0,52.6323
50.0,49.930874
60.0,57.261414
50.0,48.968056
60.0,53.3653
50.0,52.09228
60.0,48.404366
60.0,48.29912
50.0,51.16159
50.0,50.4993
50.0,47.438694
50.0,48.351852
50.0,47.771824
50.0,45.979427
60.0,48.00468
50.0,51.389442
60.0,49.66097
50.0,49.53239
60.0,58.992237
60.0,54.25353
60.0,53.91872
70.0,59.763542
100.0,56.16665
39.999996,60.45726
50.0,76.59129
50.0,46.357525
80.0,50.742184
50.0,56.04667
180.0,73.24092
90.0,51.78015
70.0,107.44875
130.0,64.63552
360.0,62.078236
160.0,95.835846
90.0,179.38156
90.0,106.73014
110.0,93.142685
130.0,97.557915
100.0,95.32845
110.0,101.41443
90.0,80.50544
80.0,106.99614
460.0,102.64813
820.0,92.207886
350.0,241.67126
300.0,294.98273
260.0,232.95471
290.0,257.1294
220.0,245.21573
170.0,252.54605
90.0,224.37354
80.0,198.05252
80.0,182.90027
100.0,199.59003
600.0,192.22551
510.0,197.58807
280.0,345.68524
250.0,294.91302
260.0,265.8565
250.0,271.86597
180.0,264.33945
110.0,254.94006
80.0,215.42096
70.0,194.62663
80.0,195.8352
70.0,199.9411
80.0,199.45305
70.0,182.2391
80.0,172.14337
70.0,140.64746
70.0,137.77943
70.0,117.3396
60.0,104.180565
60.0,105.4926
60.0,110.41957
60.0,105.549576
60.0,101.03051
50.0,98.42642
70.0,97.57579
70.0,89.45286
130.0,95.78461
390.0,93.002716
420.0,120.40667
710.0,199.00467
850.0,204.4284
470.0,289.82004
360.0,319.75668
620.0,295.87216
600.0,299.8199
520.0,339.1564
290.0,334.7879
250.0,327.06665
190.0,270.26147
120.0,267.48282
100.0,239.63629
320.0,206.36249
270.0,193.90723
290.0,263.10022
270.0,235.16446
260.0,229.89023
310.0,217.70918
250.0,202.64667
130.0,203.19678
120.0,171.44836
100.0,134.65497
90.0,136.35275
100.0,119.21129
80.0,110.233505
90.0,106.5331
90.0,95.99737
100.0,102.00066
80.0,97.489136
60.0,93.16016
80.0,87.63002
60.0,90.6704
80.0,86.640625
70.0,83.49832
80.0,86.40314
70.0,77.75603
70.0,84.85629
60.0,79.26031
70.0,78.10365
60.0,77.99882
70.0,76.32982
60.0,75.7693
70.0,75.3409
70.0,67.62143
60.0,78.91133
60.0,73.222694
70.0,64.32994
50.0,54.7744
60.0,61.125076
60.0,57.099987
60.0,60.720062
60.0,63.850338
60.0,56.63755
50.0,53.096428
60.0,52.993874
60.0,54.009148
60.0,64.76054
39.999996,63.0917
60.0,56.287815
39.999996,42.277092
60.0,47.395958
50.0,47.54429
50.0,59.424927
60.0,57.753094
60.0,51.1491
60.0,51.316383
60.0,57.64157
50.0,49.80095
60.0,57.598503
60.0,55.281025
60.0,64.110176
60.0,56.76441
50.0,61.81671
60.0,57.46282
60.0,58.8169
60.0,54.82095
60.0,56.11458
60.0,59.23774
60.0,55.956158
50.0,49.94942
60.0,56.861416
50.0,57.27928
110.0,70.85293
70.0,60.82304
50.0,85.39769
50.0,61.51795
50.0,57.657005
50.0,59.800766
60.0,61.294724
60.0,58.9256
190.0,55.028126
130.0,65.60076
180.0,112.16057
360.0,92.992645
100.0,117.71877
70.0,150.43936
80.0,83.188034
80.0,93.51655
90.0,83.66706
90.0,83.36286
60.0,102.794815
70.0,105.561676
50.0,107.528534
580.0,114.62836
660.0,96.55837
300.0,271.69968
260.0,268.57535
290.0,210.22311
240.0,223.52704
240.0,217.10156
180.0,196.61478
190.0,198.96046
70.0,177.91057
400.0,202.53796
620.0,163.79715
330.00003,286.4055
250.0,324.42197
260.0,266.9035
240.0,255.25412
230.0,244.9365
220.0,227.91891
90.0,218.17896
70.0,218.26294
370.0,181.85446
280.0,184.55365
240.0,285.77698
250.0,239.84027
220.0,252.69748
230.0,245.68259
190.0,233.84943
160.0,234.66428
80.0,206.05411
60.0,204.29373
60.0,171.50073
60.0,166.31314
60.0,164.4144
70.0,158.1826
80.0,157.20618
80.0,157.91376
70.0,144.85033
100.0,136.17102
100.0,114.26245
90.0,121.172066
100.0,109.9354
220.0,111.22803
180.0,115.33415
120.0,153.3463
110.0,141.9597
90.0,129.86209
100.0,133.25354
90.0,118.42619
270.0,123.43829
420.0,126.58244
430.0,197.24664
